"Id","Position","First Name","Nickname","Last Name","FPPG","Played","Salary","Game","Team","Opponent","Injury Indicator","Injury Details","Tier"
"29518-30447","RB","Todd","Todd Gurley II","Gurley II","28.075000762939453","8","11200","LAR@NO","LAR","NO","","","","",""
"29518-57439","QB","Patrick","Patrick Mahomes","Mahomes","27.86750030517578","8","9500","KC@CLE","KC","CLE","","","","",""
"29518-39716","WR","Adam","Adam Thielen","Thielen","20.625","8","8900","DET@MIN","MIN","DET","","","","",""
"29518-11612","WR","Antonio","Antonio Brown","Brown","18.028570992606028","7","8800","PIT@BAL","PIT","BAL","","","","",""
"29518-16606","WR","DeAndre","DeAndre Hopkins","Hopkins","17.337499618530273","8","8600","HOU@DEN","HOU","DEN","","","","",""
"29518-28900","RB","Melvin","Melvin Gordon III","Gordon III","24.583333333333332","6","8600","LAC@SEA","LAC","SEA","Q","Hamstring","","",""
"29518-14185","QB","Cam","Cam Newton","Newton","24.67714364188058","7","8600","TB@CAR","CAR","TB","","","","",""
"29518-28573","WR","Michael","Michael Thomas","Thomas","16.55714307512556","7","8600","LAR@NO","NO","LAR","","","","",""
"29518-45229","RB","Kareem","Kareem Hunt","Hunt","19.424999237060547","8","8500","KC@CLE","KC","CLE","","","","",""
"29518-14190","WR","Julio","Julio Jones","Jones","15.257143293108259","7","8500","ATL@WAS","ATL","WAS","","","","",""
"29518-6504","QB","Drew","Drew Brees","Brees","21.442858014787948","7","8400","LAR@NO","NO","LAR","","","","",""
"29518-38435","QB","Jared","Jared Goff","Goff","21.274999618530273","8","8400","LAR@NO","LAR","NO","","","","",""
"29518-22038","QB","Kirk","Kirk Cousins","Cousins","21.1299991607666","8","8300","DET@MIN","MIN","DET","","","","",""
"29518-6616","QB","Matt","Matt Ryan","Ryan","24.58571515764509","7","8200","ATL@WAS","ATL","WAS","","","","",""
"29518-42104","RB","Alvin","Alvin Kamara","Kamara","23.08571515764509","7","8000","LAR@NO","NO","LAR","","","","",""
"29518-28181","RB","Le'Veon","Le'Veon Bell","Bell","19.940000406901042","15","8000","PIT@BAL","PIT","BAL","O","Contract dispute","","",""
"29518-40687","RB","James","James Conner","Conner","23.385713849748885","7","8000","PIT@BAL","PIT","BAL","","","","",""
"29518-7968","QB","Philip","Philip Rivers","Rivers","21.317143031529017","7","8000","LAC@SEA","LAC","SEA","","","","",""
"29518-54879","QB","Deshaun","Deshaun Watson","Watson","20.6299991607666","8","7900","HOU@DEN","HOU","DEN","","","","",""
"29518-32384","WR","Mike","Mike Evans","Evans","17.428571428571427","7","7900","TB@CAR","TB","CAR","","","","",""
"29518-55050","RB","Christian","Christian McCaffrey","McCaffrey","15.757143293108259","7","7900","TB@CAR","CAR","TB","","","","",""
"29518-53681","WR","Tyreek","Tyreek Hill","Hill","18.125","8","7800","KC@CLE","KC","CLE","","","","",""
"29518-6589","QB","Ben","Ben Roethlisberger","Roethlisberger","21.91428484235491","7","7800","PIT@BAL","PIT","BAL","","","","",""
"29518-38628","QB","Mitchell","Mitchell Trubisky","Trubisky","23.451429094587052","7","7800","CHI@BUF","CHI","BUF","","","","",""
"29518-22015","QB","Russell","Russell Wilson","Wilson","18.277143205915177","7","7700","LAC@SEA","SEA","LAC","","","","",""
"29518-33076","TE","Travis","Travis Kelce","Kelce","13.774999618530273","8","7600","KC@CLE","KC","CLE","","","","",""
"29518-29685","WR","Robert","Robert Woods","Woods","14.649999618530273","8","7600","LAR@NO","LAR","NO","","","","",""
"29518-6703","RB","Adrian","Adrian Peterson","Peterson","14.900000435965401","7","7500","ATL@WAS","WAS","ATL","","","","",""
"29518-6714","QB","Joe","Joe Flacco","Flacco","16.857500076293945","8","7500","PIT@BAL","BAL","PIT","","","","",""
"29518-29501","WR","Brandin","Brandin Cooks","Cooks","13.857142857142858","7","7500","LAR@NO","LAR","NO","","","","",""
"29518-8005","QB","Alex","Alex Smith","Smith","15.162857055664062","7","7500","ATL@WAS","WAS","ATL","","","","",""
"29518-41535","QB","Baker","Baker Mayfield","Mayfield","15.656667073567709","6","7400","KC@CLE","CLE","KC","","","","",""
"29518-29253","WR","Keenan","Keenan Allen","Allen","11.385713849748884","7","7400","LAC@SEA","LAC","SEA","","","","",""
"29518-14211","RB","Mark","Mark Ingram","Ingram","12.066666920979818","3","7400","LAR@NO","NO","LAR","","","","",""
"29518-25079","WR","Stefon","Stefon Diggs","Diggs","14.662500381469727","8","7300","DET@MIN","MIN","DET","D","Ribs","","",""
"29518-6654","QB","Matthew","Matthew Stafford","Stafford","18.11142839704241","7","7300","DET@MIN","DET","MIN","","","","",""
"29518-79974","RB","Tarik","Tarik Cohen","Cohen","14.17142813546317","7","7200","CHI@BUF","CHI","BUF","","","","",""
"29518-55987","WR","JuJu","JuJu Smith-Schuster","Smith-Schuster","13.771428789411273","7","7200","PIT@BAL","PIT","BAL","","","","",""
"29518-11505","WR","Emmanuel","Emmanuel Sanders","Sanders","15.602499961853027","8","7100","HOU@DEN","DEN","HOU","","","","",""
"29518-24849","QB","Jameis","Jameis Winston","Winston","19.03499984741211","4","7100","TB@CAR","TB","CAR","","","","",""
"29518-7659","QB","Ryan","Ryan Fitzpatrick","Fitzpatrick","25","5","7100","TB@CAR","TB","CAR","","","","",""
"29518-30989","RB","Kenyan","Kenyan Drake","Drake","11.899999618530273","8","6900","NYJ@MIA","MIA","NYJ","","","","",""
"29518-79970","WR","Cooper","Cooper Kupp","Kupp","15.216667175292969","6","6800","LAR@NO","LAR","NO","","","","",""
"29518-22994","QB","Case","Case Keenum","Keenum","15.237500190734863","8","6800","HOU@DEN","DEN","HOU","","","","",""
"29518-24641","WR","Sammy","Sammy Watkins","Watkins","10.662500381469727","8","6700","KC@CLE","KC","CLE","","","","",""
"29518-63589","QB","Sam","Sam Darnold","Darnold","14.037500381469727","8","6700","NYJ@MIA","NYJ","MIA","","","","",""
"29518-27050","WR","Tyler","Tyler Lockett","Lockett","13","7","6700","LAC@SEA","SEA","LAC","","","","",""
"29518-41426","RB","Phillip","Phillip Lindsay","Lindsay","12.462499618530273","8","6700","HOU@DEN","DEN","HOU","","","","",""
"29518-21994","QB","Brock","Brock Osweiler","Osweiler","15.125","4","6700","NYJ@MIA","MIA","NYJ","","","","",""
"29518-34331","RB","Latavius","Latavius Murray","Murray","10.587499618530273","8","6700","DET@MIN","MIN","DET","","","","",""
"29518-27776","RB","Tevin","Tevin Coleman","Coleman","10.885713849748884","7","6600","ATL@WAS","ATL","WAS","","","","",""
"29518-53562","RB","Nick","Nick Chubb","Chubb","6.474999904632568","8","6600","KC@CLE","CLE","KC","","","","",""
"29518-21948","QB","Ryan","Ryan Tannehill","Tannehill","13.796000671386718","5","6600","NYJ@MIA","MIA","NYJ","O","Shoulder","","",""
"29518-6739","WR","DeSean","DeSean Jackson","Jackson","14.900000435965401","7","6600","TB@CAR","TB","CAR","","","","",""
"29518-31394","WR","Jarvis","Jarvis Landry","Landry","11.412500381469727","8","6600","KC@CLE","CLE","KC","","","","",""
"29518-64555","WR","Calvin","Calvin Ridley","Ridley","12.857142857142858","7","6500","ATL@WAS","ATL","WAS","","","","",""
"29518-24920","RB","Devonta","Devonta Freeman","Freeman","5.800000190734863","2","6500","ATL@WAS","ATL","WAS","IR","Groin","","",""
"29518-22037","RB","Lamar","Lamar Miller","Miller","11.385713849748884","7","6500","HOU@DEN","HOU","DEN","","","","",""
"29518-22103","WR","Marvin","Marvin Jones Jr.","Jones Jr.","11.67142813546317","7","6500","DET@MIN","DET","MIN","","","","",""
"29518-64119","RB","Chris","Chris Carson","Carson","11.283332824707031","6","6500","LAC@SEA","SEA","LAC","Q","Hip","","",""
"29518-63806","RB","Kerryon","Kerryon Johnson","Johnson","11.271428789411273","7","6400","DET@MIN","DET","MIN","","","","",""
"29518-54606","WR","John","John Brown","Brown","12.3125","8","6400","PIT@BAL","BAL","PIT","","","","",""
"29518-28080","WR","Devin","Devin Funchess","Funchess","10.585714067731585","7","6400","TB@CAR","CAR","TB","","","","",""
"29518-80001","RB","Austin","Austin Ekeler","Ekeler","11.32857186453683","7","6300","LAC@SEA","LAC","SEA","","","","",""
"29518-9392","WR","Michael","Michael Crabtree","Crabtree","9.375","8","6300","PIT@BAL","BAL","PIT","","","","",""
"29518-62239","QB","Josh","Josh Allen","Allen","11.296666463216146","6","6300","CHI@BUF","BUF","CHI","O","Elbow","","",""
"29518-54140","RB","Dalvin","Dalvin Cook","Cook","7.666666666666667","3","6300","DET@MIN","MIN","DET","Q","Hamstring","","",""
"29518-28643","WR","Allen","Allen Robinson II","Robinson II","8.833333333333334","6","6300","CHI@BUF","CHI","BUF","Q","Groin","","",""
"29518-62535","WR","Tyrell","Tyrell Williams","Williams","11.185714721679688","7","6200","LAC@SEA","LAC","SEA","","","","",""
"29518-42142","RB","Jordan","Jordan Howard","Howard","9.914285932268415","7","6200","CHI@BUF","CHI","BUF","","","","",""
"29518-6373","QB","Derek","Derek Anderson","Anderson","5.25","2","6200","CHI@BUF","BUF","CHI","O","Concussion","","",""
"29518-6779","RB","LeSean","LeSean McCoy","McCoy","7.414285932268415","7","6200","CHI@BUF","BUF","CHI","","","","",""
"29518-63115","QB","Lamar","Lamar Jackson","Jackson","3.237499952316284","8","6200","PIT@BAL","BAL","PIT","","","","",""
"29518-6914","TE","Greg","Greg Olsen","Olsen","8.050000190734863","4","6200","TB@CAR","CAR","TB","","","","",""
"29518-40843","RB","Alex","Alex Collins","Collins","10.362500190734863","8","6200","PIT@BAL","BAL","PIT","Q","Foot","","",""
"29518-54244","WR","Kenny","Kenny Golladay","Golladay","11.528570992606026","7","6200","DET@MIN","DET","MIN","","","","",""
"29518-45565","QB","Taysom","Taysom Hill","Hill","3.259999910990397","6","6100","LAR@NO","NO","LAR","","","","",""
"29518-30297","TE","Trey","Trey Burton","Burton","10.285714285714286","7","6100","CHI@BUF","CHI","BUF","","","","",""
"29518-64242","WR","Keke","Keke Coutee","Coutee","9.024999618530273","4","6100","HOU@DEN","HOU","DEN","O","Hamstring","","",""
"29518-29715","QB","Kevin","Kevin Hogan","Hogan","9.694999694824219","4","6000","HOU@DEN","DEN","HOU","","","","",""
"29518-24607","QB","Chad","Chad Kelly","Kelly","-0.10000000149011612","1","6000","HOU@DEN","DEN","HOU","","","","",""
"29518-14377","QB","Tyrod","Tyrod Taylor","Taylor","14.326666514078775","3","6000","KC@CLE","CLE","KC","","","","",""
"29518-30788","QB","Tyler","Tyler Bray","Bray","-2","1","6000","CHI@BUF","CHI","BUF","","","","",""
"29518-53331","QB","Taylor","Taylor Heinicke","Heinicke","0.3199999928474426","1","6000","TB@CAR","CAR","TB","","","","",""
"29518-39034","QB","Kurt","Kurt Benkert","Benkert","0","0","6000","ATL@WAS","ATL","WAS","","","","",""
"29518-29915","QB","Brett","Brett Hundley","Hundley","12.358182040127842","11","6000","LAC@SEA","SEA","LAC","","","","",""
"29518-54507","QB","Alex","Alex McGough","McGough","0","0","6000","LAC@SEA","SEA","LAC","","","","",""
"29518-11500","QB","Colt","Colt McCoy","McCoy","0","0","6000","ATL@WAS","WAS","ATL","","","","",""
"29518-27982","QB","Jake","Jake Rudock","Rudock","-0.03999999910593033","1","6000","DET@MIN","DET","MIN","","","","",""
"29518-11615","QB","Joe","Joe Webb III","Webb III","2.9000000953674316","2","6000","HOU@DEN","HOU","DEN","","","","",""
"29518-39286","TE","O.J.","O.J. Howard","Howard","10.271428789411273","7","6000","TB@CAR","TB","CAR","","","","",""
"29518-21941","QB","Robert","Robert Griffin III","Griffin III","0","0","6000","PIT@BAL","BAL","PIT","","","","",""
"29518-31170","QB","Brandon","Brandon Allen","Allen","0","0","6000","LAR@NO","LAR","NO","","","","",""
"29518-21959","QB","Brandon","Brandon Weeden","Weeden","-0.10000000149011612","1","6000","HOU@DEN","HOU","DEN","","","","",""
"29518-40407","QB","Joshua","Joshua Dobbs","Dobbs","-0.20000000298023224","2","6000","PIT@BAL","PIT","BAL","","","","",""
"29518-53729","QB","Mason","Mason Rudolph","Rudolph","0","0","6000","PIT@BAL","PIT","BAL","","","","",""
"29518-33259","QB","Teddy","Teddy Bridgewater","Bridgewater","-0.30000001192092896","1","6000","LAR@NO","NO","LAR","","","","",""
"29518-28163","QB","Connor","Connor Cook","Cook","0","0","6000","TB@CAR","CAR","TB","","","","",""
"29518-6679","QB","Matt","Matt Schaub","Schaub","0.30000001192092896","2","6000","ATL@WAS","ATL","WAS","","","","",""
"29518-7744","QB","Drew","Drew Stanton","Stanton","11.091999816894532","5","6000","KC@CLE","CLE","KC","","","","",""
"29518-7778","QB","Matt","Matt Cassel","Cassel","-0.5400000214576721","1","6000","DET@MIN","DET","MIN","","","","",""
"29518-8803","QB","Chase","Chase Daniel","Daniel","-0.20000000298023224","1","6000","CHI@BUF","CHI","BUF","","","","",""
"29518-6803","QB","Josh","Josh McCown","McCown","16.495384803185097","13","6000","NYJ@MIA","NYJ","MIA","","","","",""
"29518-7844","QB","Chad","Chad Henne","Henne","-0.25","2","6000","KC@CLE","KC","CLE","","","","",""
"29518-62133","QB","Chase","Chase Litton","Litton","0","0","6000","KC@CLE","KC","CLE","","","","",""
"29518-29445","QB","Sean","Sean Mannion","Mannion","0.10000000149011612","1","6000","LAR@NO","LAR","NO","","","","",""
"29518-28434","QB","Trevor","Trevor Siemian","Siemian","12.736364191228693","11","6000","DET@MIN","MIN","DET","","","","",""
"29518-28515","QB","Cardale","Cardale Jones","Jones","0","0","6000","LAC@SEA","LAC","SEA","","","","",""
"29518-33647","QB","Kyle","Kyle Sloter","Sloter","0","0","6000","DET@MIN","MIN","DET","","","","",""
"29518-26483","QB","Geno","Geno Smith","Smith","0.009999999776482582","2","6000","LAC@SEA","LAC","SEA","","","","",""
"29518-39795","QB","Davis","Davis Webb","Webb","0","0","6000","NYJ@MIA","NYJ","MIA","","","","",""
"29518-33702","QB","Ryan","Ryan Griffin","Griffin","0","0","6000","TB@CAR","TB","CAR","","","","",""
"29518-43956","QB","David","David Fales","Fales","10.199999809265137","2","6000","NYJ@MIA","MIA","NYJ","","","","",""
"29518-41966","QB","Luke","Luke Falk","Falk","0","0","6000","NYJ@MIA","MIA","NYJ","IR","Wrist","","",""
"29518-30761","QB","Nathan","Nathan Peterman","Peterman","1.5399999618530273","3","5900","CHI@BUF","BUF","CHI","","","","",""
"29518-40126","TE","Austin","Austin Hooper","Hooper","8.942856924874443","7","5900","ATL@WAS","ATL","WAS","","","","",""
"29518-55635","WR","Chris","Chris Godwin","Godwin","10.285714285714286","7","5900","TB@CAR","TB","CAR","","","","",""
"29518-79987","WR","David","David Moore","Moore","10.419999694824218","5","5800","LAC@SEA","SEA","LAC","","","","",""
"29518-11432","WR","Demaryius","Demaryius Thomas","Thomas","9.524999618530273","8","5800","HOU@DEN","HOU","DEN","","","","",""
"29518-54753","WR","Taylor","Taylor Gabriel","Gabriel","10.099999564034599","7","5800","CHI@BUF","CHI","BUF","","","","",""
"29518-33260","WR","DeVante","DeVante Parker","Parker","7.133333206176758","3","5800","NYJ@MIA","MIA","NYJ","","","","",""
"29518-22018","WR","Mohamed","Mohamed Sanu","Sanu","9.142857142857142","7","5800","ATL@WAS","ATL","WAS","","","","",""
"29518-40857","RB","Peyton","Peyton Barber","Barber","7.600000108991351","7","5800","TB@CAR","TB","CAR","","","","",""
"29518-24755","WR","Jamison","Jamison Crowder","Crowder","7.349999904632568","4","5700","ATL@WAS","WAS","ATL","O","Ankle","","",""
"29518-14626","WR","Doug","Doug Baldwin","Baldwin","4.579999923706055","5","5700","LAC@SEA","SEA","LAC","","","","",""
"29518-54684","RB","Isaiah","Isaiah Crowell","Crowell","11.449999809265137","8","5700","NYJ@MIA","NYJ","MIA","","","","",""
"29518-14237","TE","Kyle","Kyle Rudolph","Rudolph","7.512499809265137","8","5700","DET@MIN","MIN","DET","","","","",""
"29518-24891","RB","Chris","Chris Thompson","Thompson","10.44000015258789","5","5600","ATL@WAS","WAS","ATL","O","Ribs","","",""
"29518-55689","RB","Ito","Ito Smith","Smith","7.549999872843425","6","5600","ATL@WAS","ATL","WAS","","","","",""
"29518-30298","TE","Jordan","Jordan Reed","Reed","7.014285496303013","7","5600","ATL@WAS","WAS","ATL","","","","",""
"29518-53097","WR","Josh","Josh Reynolds","Reynolds","5.220000076293945","5","5600","LAR@NO","LAR","NO","","","","",""
"29518-57403","WR","Courtland","Courtland Sutton","Sutton","6.612500190734863","8","5500","HOU@DEN","DEN","HOU","","","","",""
"29518-11864","RB","Chris","Chris Ivory","Ivory","6.112500190734863","8","5500","CHI@BUF","BUF","CHI","","","","",""
"29518-27457","WR","Kenny","Kenny Stills","Stills","8.87142835344587","7","5500","NYJ@MIA","MIA","NYJ","Q","Groin","","",""
"29518-26610","WR","Paul","Paul Richardson Jr.","Richardson Jr.","7.75","6","5500","ATL@WAS","WAS","ATL","Q","Shoulder","","",""
"29518-55336","TE","Chris","Chris Herndon","Herndon","6.683333079020183","6","5400","NYJ@MIA","NYJ","MIA","","","","",""
"29518-12527","D","Chicago","Chicago Bears","Bears","10.714285714285714","7","5400","CHI@BUF","CHI","BUF","","","","",""
"29518-27199","RB","Marcus","Marcus Murphy","Murphy","3.6599998474121094","5","5400","CHI@BUF","BUF","CHI","","","","",""
"29518-55970","RB","Royce","Royce Freeman","Freeman","8.428571428571429","7","5400","HOU@DEN","DEN","HOU","Q","Ankle","","",""
"29518-6840","RB","Frank","Frank Gore","Gore","6.712500095367432","8","5400","NYJ@MIA","MIA","NYJ","","","","",""
"29518-7870","TE","Benjamin","Benjamin Watson","Watson","6.75","6","5400","LAR@NO","NO","LAR","","","","",""
"29518-39829","WR","Mike","Mike Williams","Williams","9.271428789411273","7","5400","LAC@SEA","LAC","SEA","","","","",""
"29518-8117","WR","Danny","Danny Amendola","Amendola","7.789999961853027","8","5400","NYJ@MIA","MIA","NYJ","","","","",""
"29518-29645","RB","Javorius","Javorius Allen","Allen","8.975000381469727","8","5400","PIT@BAL","BAL","PIT","","","","",""
"29518-41936","WR","Anthony","Anthony Miller","Miller","6.966666539510091","6","5400","CHI@BUF","CHI","BUF","","","","",""
"29518-48344","WR","Albert","Albert Wilson","Wilson","11.968571254185267","7","5300","NYJ@MIA","MIA","NYJ","IR","Hip - labrum","","",""
"29518-32045","TE","Vance","Vance McDonald","McDonald","7.933333079020183","6","5300","PIT@BAL","PIT","BAL","","","","",""
"29518-44449","WR","Willie","Willie Snead IV","Snead IV","8.162500381469727","8","5300","PIT@BAL","BAL","PIT","","","","",""
"29518-11779","RB","LeGarrette","LeGarrette Blount","Blount","5.814285823277065","7","5300","DET@MIN","DET","MIN","","","","",""
"29518-63043","WR","D.J.","D.J. Moore","Moore","6.7999997820172995","7","5300","TB@CAR","CAR","TB","","","","",""
"29518-14288","WR","Torrey","Torrey Smith","Smith","6.516666412353516","6","5300","TB@CAR","CAR","TB","O","Knee","","",""
"29518-55335","TE","David","David Njoku","Njoku","8.171428680419922","7","5200","KC@CLE","CLE","KC","","","","",""
"29518-24671","WR","Adam","Adam Humphries","Humphries","6.214285714285714","7","5200","TB@CAR","TB","CAR","","","","",""
"29518-63591","RB","Ronald","Ronald Jones II","Jones II","4.150000095367432","4","5200","TB@CAR","TB","CAR","O","Hamstring","","",""
"29518-25837","RB","Duke","Duke Johnson Jr.","Johnson Jr.","5.625","8","5200","KC@CLE","CLE","KC","","","","",""
"29518-26251","WR","Robby","Robby Anderson","Anderson","7.571428571428571","7","5200","NYJ@MIA","NYJ","MIA","Q","Ankle","","",""
"29518-33465","RB","Theo","Theo Riddick","Riddick","5.659999847412109","5","5200","DET@MIN","DET","MIN","","","","",""
"29518-27266","WR","Quincy","Quincy Enunwa","Enunwa","7.283333460489909","6","5100","NYJ@MIA","NYJ","MIA","Q","Ankle","","",""
"29518-31406","RB","Alfred","Alfred Blue","Blue","5.837500095367432","8","5100","HOU@DEN","HOU","DEN","","","","",""
"29518-30635","RB","Mike","Mike Davis","Davis","8.316666920979818","6","5100","LAC@SEA","SEA","LAC","","","","",""
"29518-57342","WR","Tre'Quan","Tre'Quan Smith","Smith","6.016666412353516","6","5100","LAR@NO","NO","LAR","","","","",""
"29518-83091","RB","Trenton","Trenton Cannon","Cannon","5.200000127156575","3","5000","NYJ@MIA","NYJ","MIA","","","","",""
"29518-45335","TE","Michael","Michael Roberts","Roberts","8.766666412353516","3","5000","DET@MIN","DET","MIN","","","","",""
"29518-24929","WR","Kelvin","Kelvin Benjamin","Benjamin","5.025000095367432","8","5000","CHI@BUF","BUF","CHI","","","","",""
"29518-32234","RB","Malcolm","Malcolm Brown","Brown","4.133333206176758","6","5000","LAR@NO","LAR","NO","","","","",""
"29518-44103","RB","Elijah","Elijah McGuire","McGuire","4.513333129882812","15","4900","NYJ@MIA","NYJ","MIA","","","","",""
"29518-62538","WR","Cameron","Cameron Meredith","Meredith","6.633333206176758","3","4900","LAR@NO","NO","LAR","","","","",""
"29518-65706","WR","Deontay","Deontay Burnett","Burnett","4.75","2","4900","NYJ@MIA","NYJ","MIA","","","","",""
"29518-39580","RB","Devontae","Devontae Booker","Booker","4.724999904632568","8","4900","HOU@DEN","DEN","HOU","","","","",""
"29518-32564","WR","Josh","Josh Doctson","Doctson","3.9833332697550454","6","4900","ATL@WAS","WAS","ATL","","","","",""
"29518-63360","WR","Antonio","Antonio Callaway","Callaway","6.099999904632568","8","4900","KC@CLE","CLE","KC","Q","Ankle","","",""
"29518-28694","TE","Jesse","Jesse James","James","6.257142748151507","7","4800","PIT@BAL","PIT","BAL","","","","",""
"29518-34071","WR","Nick","Nick Williams","Williams","0.675000011920929","4","4800","LAR@NO","LAR","NO","","","","",""
"29518-57840","RB","Rashaad","Rashaad Penny","Penny","3.7833334604899087","6","4800","LAC@SEA","SEA","LAC","","","","",""
"29518-71386","TE","Jordan","Jordan Thomas","Thomas","4.666666666666667","6","4800","HOU@DEN","HOU","DEN","","","","",""
"29518-15212","WR","Terrelle","Terrelle Pryor","Pryor","7.083333333333333","6","4800","CHI@BUF","BUF","CHI","","","","",""
"29518-11488","TE","Ed","Ed Dickson","Dickson","12.399999618530273","1","4700","LAC@SEA","SEA","LAC","","","","",""
"29518-12556","D","Houston","Houston Texans","Texans","9","8","4700","HOU@DEN","HOU","DEN","","","","",""
"29518-22898","RB","Brandon","Brandon Bolden","Bolden","2.633333365122477","3","4700","NYJ@MIA","MIA","NYJ","","","","",""
"29518-55748","WR","James","James Washington","Washington","2.6799999237060548","5","4700","PIT@BAL","PIT","BAL","","","","",""
"29518-29201","WR","Maurice","Maurice Harris","Harris","4.074999809265137","4","4700","ATL@WAS","WAS","ATL","","","","",""
"29518-29249","RB","C.J.","C.J. Anderson","Anderson","3.8599998474121096","5","4700","TB@CAR","CAR","TB","","","","",""
"29518-41806","WR","Laquon","Laquon Treadwell","Treadwell","5.012499809265137","8","4700","DET@MIN","MIN","DET","","","","",""
"29518-32703","WR","Jakeem","Jakeem Grant","Grant","7.462500095367432","8","4700","NYJ@MIA","MIA","NYJ","","","","",""
"29518-14372","WR","Aldrick","Aldrick Robinson","Robinson","5","6","4600","DET@MIN","MIN","DET","","","","",""
"29518-79983","RB","De'Angelo","De'Angelo Henderson","Henderson","3.9666665395100913","3","4600","NYJ@MIA","NYJ","MIA","","","","",""
"29518-52436","TE","Mark","Mark Andrews","Andrews","5.050000190734863","8","4600","PIT@BAL","BAL","PIT","","","","",""
"29518-41305","WR","Zay","Zay Jones","Jones","5.824999809265137","8","4600","CHI@BUF","BUF","CHI","","","","",""
"29518-33137","WR","Justin","Justin Hardy","Hardy","1.3000000544956751","7","4600","ATL@WAS","ATL","WAS","","","","",""
"29518-38264","WR","Demarcus","Demarcus Robinson","Robinson","2.300000031789144","6","4600","KC@CLE","KC","CLE","","","","",""
"29518-52613","WR","Curtis","Curtis Samuel","Samuel","6","4","4600","TB@CAR","CAR","TB","","","","",""
"29518-60861","WR","Damion","Damion Ratley","Ratley","5.866666793823242","3","4600","KC@CLE","CLE","KC","","","","",""
"29518-22035","WR","Travis","Travis Benjamin","Benjamin","1.6666666666666667","3","4600","LAC@SEA","LAC","SEA","","","","",""
"29518-30237","RB","Mike","Mike Gillislee","Gillislee","0.925000011920929","4","4600","LAR@NO","NO","LAR","","","","",""
"29518-22054","WR","Jarius","Jarius Wright","Wright","5.157142639160156","7","4600","TB@CAR","CAR","TB","","","","",""
"29518-45683","RB","Kapri","Kapri Bibbs","Bibbs","4.6","5","4600","ATL@WAS","WAS","ATL","Q","Shoulder","","",""
"29518-33472","RB","C.J.","C.J. Prosise","Prosise","3.700000047683716","1","4600","LAC@SEA","SEA","LAC","","","","",""
"29518-22219","WR","Jermaine","Jermaine Kearse","Kearse","4.142857142857143","7","4600","NYJ@MIA","NYJ","MIA","","","","",""
"29518-6870","TE","Vernon","Vernon Davis","Davis","4.666666666666667","6","4600","ATL@WAS","WAS","ATL","","","","",""
"29518-45791","WR","Rashard","Rashard Higgins","Higgins","7.680000305175781","5","4600","KC@CLE","CLE","KC","Q","Knee - mcl","","",""
"29518-31459","RB","Spencer","Spencer Ware","Ware","3.4285714285714284","7","4600","KC@CLE","KC","CLE","","","","",""
"29518-28487","TE","Jeff","Jeff Heuerman","Heuerman","3.8428570883614674","7","4600","HOU@DEN","DEN","HOU","","","","",""
"29518-28570","TE","Nick","Nick Vannett","Vannett","3.183333396911621","6","4600","LAC@SEA","SEA","LAC","","","","",""
"29518-14336","RB","Jacquizz","Jacquizz Rodgers","Rodgers","2.2714285169328963","7","4500","TB@CAR","TB","CAR","","","","",""
"29518-24589","WR","Jaron","Jaron Brown","Brown","5.699999809265137","4","4500","LAC@SEA","SEA","LAC","","","","",""
"29518-41997","WR","River","River Cracraft","Cracraft","0","0","4500","HOU@DEN","DEN","HOU","","","","",""
"29518-14362","TE","Charles","Charles Clay","Clay","3.049999952316284","8","4500","CHI@BUF","BUF","CHI","","","","",""
"29518-55323","RB","Jaylen","Jaylen Samuels","Samuels","1.7000000476837158","1","4500","PIT@BAL","PIT","BAL","","","","",""
"29518-56356","WR","Isaiah","Isaiah Ford","Ford","0","0","4500","NYJ@MIA","MIA","NYJ","","","","",""
"29518-56358","WR","Cam","Cam Phillips","Phillips","1.399999976158142","1","4500","CHI@BUF","BUF","CHI","","","","",""
"29518-24621","WR","Charone","Charone Peake","Peake","0.949999988079071","2","4500","NYJ@MIA","NYJ","MIA","","","","",""
"29518-30775","WR","Justin","Justin Hunter","Hunter","1.1999999682108562","3","4500","PIT@BAL","PIT","BAL","","","","",""
"29518-42095","WR","ArDarius","ArDarius Stewart","Stewart","1.1583333015441895","12","4500","NYJ@MIA","NYJ","MIA","","","","",""
"29518-79982","RB","Alex","Alex Armah","Armah","1.75","4","4500","TB@CAR","CAR","TB","","","","",""
"29518-52345","WR","Brandon","Brandon Powell","Powell","0","1","4500","DET@MIN","DET","MIN","","","","",""
"29518-42107","WR","Robert","Robert Foster","Foster","1","4","4500","CHI@BUF","BUF","CHI","","","","",""
"29518-84101","WR","Vyncint","Vyncint Smith","Smith","1.649999976158142","2","4500","HOU@DEN","HOU","DEN","","","","",""
"29518-83083","WR","Justin","Justin Watson","Watson","1","1","4500","TB@CAR","TB","CAR","","","","",""
"29518-47249","WR","Darvin","Darvin Kidsy","Kidsy","0","0","4500","ATL@WAS","WAS","ATL","","","","",""
"29518-52371","RB","Kalen","Kalen Ballage","Ballage","0.3333333333333333","3","4500","NYJ@MIA","MIA","NYJ","","","","",""
"29518-28827","RB","Dare","Dare Ogunbowale","Ogunbowale","0","0","4500","TB@CAR","TB","CAR","","","","",""
"29518-84122","RB","Detrez","Detrez Newsome","Newsome","0","1","4500","LAC@SEA","LAC","SEA","","","","",""
"29518-84124","WR","J.J.","J.J. Jones","Jones","-0.6666666666666666","3","4500","NYJ@MIA","NYJ","MIA","","","","",""
"29518-40118","WR","Steven","Steven Mitchell Jr.","Mitchell Jr.","0","0","4500","HOU@DEN","HOU","DEN","","","","",""
"29518-41155","RB","Taquan","Taquan Mizzell","Mizzell","0","0","4500","CHI@BUF","CHI","BUF","","","","",""
"29518-83140","RB","Christopher","Christopher Ezeala","Ezeala","0","0","4500","PIT@BAL","BAL","PIT","","","","",""
"29518-28890","RB","Derek","Derek Watt","Watt","0.10000000149011612","1","4500","LAC@SEA","LAC","SEA","","","","",""
"29518-55514","RB","Buddy","Buddy Howell","Howell","0","0","4500","HOU@DEN","HOU","DEN","","","","",""
"29518-9442","WR","Brandon","Brandon Tate","Tate","0","1","4500","LAR@NO","NO","LAR","","","","",""
"29518-52451","RB","Samaje","Samaje Perine","Perine","0.3499999940395355","2","4500","ATL@WAS","WAS","ATL","","","","",""
"29518-40167","RB","Gus","Gus Edwards","Edwards","2.199999968210856","3","4500","PIT@BAL","BAL","PIT","","","","",""
"29518-11504","WR","Andre","Andre Roberts","Roberts","1.274999976158142","8","4500","NYJ@MIA","NYJ","MIA","Q","Back","","",""
"29518-24817","TE","Nick","Nick O'Leary","O'Leary","8.100000381469727","2","4500","NYJ@MIA","MIA","NYJ","","","","",""
"29518-44280","WR","JoJo","JoJo Natson Jr.","Natson Jr.","0","5","4500","LAR@NO","LAR","NO","","","","",""
"29518-41211","WR","Janarion","Janarion Grant","Grant","0","2","4500","PIT@BAL","BAL","PIT","","","","",""
"29518-29949","WR","Marvin","Marvin Hall","Hall","3.7833334604899087","6","4500","ATL@WAS","ATL","WAS","","","","",""
"29518-41221","WR","Andre","Andre Patton","Patton","0","0","4500","LAC@SEA","LAC","SEA","","","","",""
"29518-83221","RB","De'Lance","De'Lance Turner","Turner","1.5499999523162842","2","4500","PIT@BAL","BAL","PIT","IR","Hamstring","","",""
"29518-33047","WR","Chris","Chris Moore","Moore","2.3857143947056363","7","4500","PIT@BAL","BAL","PIT","","","","",""
"29518-55577","WR","Hunter","Hunter Sharp","Sharp","4.633333206176758","3","4500","CHI@BUF","BUF","CHI","","","","",""
"29518-68890","WR","Devin","Devin Gray","Gray","0","0","4500","ATL@WAS","ATL","WAS","","","","",""
"29518-46374","WR","Tanner","Tanner Gentry","Gentry","1.25","4","4500","CHI@BUF","CHI","BUF","","","","",""
"29518-31015","WR","DeAndrew","DeAndrew White","White","1.4500000476837158","2","4500","TB@CAR","CAR","TB","","","","",""
"29518-85306","WR","KhaDarel","KhaDarel Hodge","Hodge","1.899999976158142","1","4500","LAR@NO","LAR","NO","","","","",""
"29518-56648","RB","Jeremy","Jeremy McNichols","McNichols","0.4000000059604645","1","4500","HOU@DEN","DEN","HOU","","","","",""
"29518-34125","WR","Geremy","Geremy Davis","Davis","0","0","4500","LAC@SEA","LAC","SEA","","","","",""
"29518-14683","RB","Patrick","Patrick DiMarco","DiMarco","1.7000000476837158","2","4500","CHI@BUF","BUF","CHI","","","","",""
"29518-41319","WR","Jeff","Jeff Badet","Badet","0","0","4500","DET@MIN","MIN","DET","","","","",""
"29518-40298","WR","Derrick","Derrick Willies","Willies","7.599999904632568","1","4500","KC@CLE","CLE","KC","IR","Shoulder","","",""
"29518-38269","RB","Cameron","Cameron Artis-Payne","Artis-Payne","3.2400001525878905","5","4500","TB@CAR","CAR","TB","","","","",""
"29518-55684","RB","Roc","Roc Thomas","Thomas","1.2199999809265136","5","4500","DET@MIN","MIN","DET","O","Hamstring","","",""
"29518-53639","WR","Isaiah","Isaiah McKenzie","McKenzie","0","1","4500","HOU@DEN","DEN","HOU","","","","",""
"29518-29064","WR","Trey","Trey Griffey","Griffey","0","0","4500","PIT@BAL","PIT","BAL","","","","",""
"29518-22938","WR","Rod","Rod Streater","Streater","-1.100000023841858","1","4500","KC@CLE","CLE","KC","IR","Neck","","",""
"29518-28065","WR","Jehu","Jehu Chesson","Chesson","0","2","4500","ATL@WAS","WAS","ATL","","","","",""
"29518-32161","WR","Gehrig","Gehrig Dieter","Dieter","0","0","4500","KC@CLE","KC","CLE","","","","",""
"29518-60835","WR","Isaac","Isaac Whitney","Whitney","0","1","4500","HOU@DEN","HOU","DEN","","","","",""
"29518-14761","WR","Andre","Andre Holmes","Holmes","2.237499952316284","8","4500","CHI@BUF","BUF","CHI","","","","",""
"29518-43433","RB","Boston","Boston Scott","Scott","0","0","4500","LAR@NO","NO","LAR","","","","",""
"29518-80299","RB","Patrick","Patrick Ricard","Ricard","3.799999952316284","4","4500","PIT@BAL","BAL","PIT","","","","",""
"29518-32185","RB","Zach","Zach Line","Line","1.7","5","4500","LAR@NO","NO","LAR","","","","",""
"29518-26045","WR","Leonte","Leonte Carroo","Carroo","2.5999999046325684","4","4500","NYJ@MIA","MIA","NYJ","","","","",""
"29518-21952","WR","Michael","Michael Floyd","Floyd","1.25","2","4500","ATL@WAS","WAS","ATL","","","","",""
"29518-55750","WR","Chris","Chris Lacy","Lacy","0","0","4500","DET@MIN","DET","MIN","","","","",""
"29518-26057","RB","Michael","Michael Burton","Burton","1.100000023841858","1","4500","CHI@BUF","CHI","BUF","","","","",""
"29518-57803","WR","Jordan","Jordan Lasley","Lasley","0","0","4500","PIT@BAL","BAL","PIT","","","","",""
"29518-21972","WR","Brian","Brian Quick","Quick","1.649999976158142","2","4500","ATL@WAS","WAS","ATL","","","","",""
"29518-27096","WR","Marcus","Marcus Lucas","Lucas","0","0","4500","LAC@SEA","SEA","LAC","","","","",""
"29518-6627","WR","Ted","Ted Ginn Jr.","Ginn Jr.","8.524999618530273","4","4500","LAR@NO","NO","LAR","IR","Knee","","",""
"29518-14820","RB","Nick","Nick Bellore","Bellore","0","1","4500","DET@MIN","DET","MIN","","","","",""
"29518-41459","RB","Keith","Keith Ford","Ford","0","0","4500","CHI@BUF","BUF","CHI","","","","",""
"29518-34295","WR","Breshad","Breshad Perriman","Perriman","0.550000011920929","2","4500","KC@CLE","CLE","KC","","","","",""
"29518-31241","WR","Sammie","Sammie Coates Jr.","Coates Jr.","0.8500000238418579","2","4500","HOU@DEN","HOU","DEN","","","","",""
"29518-33320","RB","Senorise","Senorise Perry","Perry","0","2","4500","NYJ@MIA","MIA","NYJ","","","","",""
"29518-38441","RB","Justin","Justin Davis","Davis","0.10000000149011612","1","4500","LAR@NO","LAR","NO","","","","",""
"29518-46633","WR","Keenan","Keenan Reynolds","Reynolds","0","0","4500","LAC@SEA","SEA","LAC","","","","",""
"29518-64070","WR","Tim","Tim White","White","0.6333333253860474","3","4500","PIT@BAL","BAL","PIT","","","","",""
"29518-52808","RB","Dontrell","Dontrell Hilliard","Hilliard","0.9666666984558105","3","4500","KC@CLE","CLE","KC","","","","",""
"29518-41552","WR","Dylan","Dylan Cantrell","Cantrell","0","0","4500","LAC@SEA","LAC","SEA","","","","",""
"29518-27229","RB","Ameer","Ameer Abdullah","Abdullah","0.29999999205271405","3","4500","DET@MIN","DET","MIN","","","","",""
"29518-6759","WR","Brandon","Brandon Marshall","Marshall","4.183333396911621","6","4500","LAC@SEA","SEA","LAC","","","","",""
"29518-62055","WR","Ray-Ray","Ray-Ray McCloud III","McCloud III","0.5599999904632569","5","4500","CHI@BUF","BUF","CHI","","","","",""
"29518-7784","WR","Darrius","Darrius Heyward-Bey","Heyward-Bey","2.9799999237060546","5","4500","PIT@BAL","PIT","BAL","","","","",""
"29518-38514","WR","Kevin","Kevin White","White","4.25","2","4500","CHI@BUF","CHI","BUF","","","","",""
"29518-33403","WR","Tevin","Tevin Jones","Jones","0","0","4500","PIT@BAL","PIT","BAL","","","","",""
"29518-27273","RB","Andy","Andy Janovich","Janovich","1.8333333333333333","3","4500","HOU@DEN","DEN","HOU","","","","",""
"29518-33424","WR","Mose","Mose Frazier","Frazier","0","0","4500","TB@CAR","CAR","TB","","","","",""
"29518-56977","WR","Simmie","Simmie Cobbs Jr.","Cobbs Jr.","0","0","4500","ATL@WAS","WAS","ATL","","","","",""
"29518-52897","RB","Darrel","Darrel Williams","Williams","0","0","4500","KC@CLE","KC","CLE","","","","",""
"29518-40612","WR","Bobo","Bobo Wilson","Wilson","3.0333334604899087","3","4500","TB@CAR","TB","CAR","","","","",""
"29518-29351","WR","De'Anthony","De'Anthony Thomas","Thomas","2.2","5","4500","KC@CLE","KC","CLE","IR","Lower leg","","",""
"29518-52903","WR","Malachi","Malachi Dupre","Dupre","0","0","4500","HOU@DEN","HOU","DEN","","","","",""
"29518-84648","WR","Josh","Josh Crockett","Crockett","0","0","4500","KC@CLE","KC","CLE","","","","",""
"29518-52916","WR","Russell","Russell Gage","Gage","1.399999976158142","1","4500","ATL@WAS","ATL","WAS","","","","",""
"29518-58041","RB","Mike","Mike Boone","Boone","0.9666666984558105","6","4500","DET@MIN","MIN","DET","","","","",""
"29518-71359","WR","Javon","Javon Wims","Wims","0","1","4500","CHI@BUF","CHI","BUF","","","","",""
"29518-30403","WR","Chris","Chris Conley","Conley","3.8428570883614674","7","4500","KC@CLE","KC","CLE","","","","",""
"29518-39649","RB","Benny","Benny Cunningham","Cunningham","0.36666667461395264","6","4500","CHI@BUF","CHI","BUF","","","","",""
"29518-40674","WR","Jester","Jester Weah","Weah","0","0","4500","HOU@DEN","HOU","DEN","","","","",""
"29518-57064","RB","Ryan","Ryan Nall","Nall","0","0","4500","CHI@BUF","CHI","BUF","","","","",""
"29518-38634","WR","Ryan","Ryan Switzer","Switzer","2.942857197352818","7","4500","PIT@BAL","PIT","BAL","","","","",""
"29518-56051","WR","Caleb","Caleb Scott","Scott","0","0","4500","LAC@SEA","SEA","LAC","","","","",""
"29518-54010","RB","Brian","Brian Hill","Hill","2.7666667302449546","3","4500","ATL@WAS","ATL","WAS","","","","",""
"29518-57091","WR","Tim","Tim Patrick","Patrick","3.5999999046325684","4","4500","HOU@DEN","DEN","HOU","","","","",""
"29518-45835","WR","Da'Mari","Da'Mari Scott","Scott","0","0","4500","KC@CLE","CLE","KC","Q","Shoulder","","",""
"29518-41741","WR","DaeSean","DaeSean Hamilton","Hamilton","1.9666666984558105","3","4500","HOU@DEN","DEN","HOU","O","Knee","","",""
"29518-33552","WR","TJ","TJ Jones","Jones","1.6999999682108562","3","4500","DET@MIN","DET","MIN","","","","",""
"29518-29466","RB","Ricky","Ricky Ortiz","Ortiz","0.8500000238418579","2","4500","ATL@WAS","ATL","WAS","","","","",""
"29518-7965","TE","Antonio","Antonio Gates","Gates","3.7571427481515065","7","4500","LAC@SEA","LAC","SEA","","","","",""
"29518-82731","WR","Brandon","Brandon Zylstra","Zylstra","1.399999976158142","2","4500","DET@MIN","MIN","DET","","","","",""
"29518-28463","WR","Austin","Austin Carr","Carr","1.7399999618530273","5","4500","LAR@NO","NO","LAR","","","","",""
"29518-55088","WR","Malik","Malik Turner","Turner","0","0","4500","LAC@SEA","SEA","LAC","","","","",""
"29518-27441","RB","Damien","Damien Williams","Williams","0.6800000190734863","5","4500","KC@CLE","KC","CLE","","","","",""
"29518-22336","WR","Josh","Josh Bellamy","Bellamy","3.2","5","4500","CHI@BUF","CHI","BUF","","","","",""
"29518-55113","RB","Shaun","Shaun Wilson","Wilson","1.1333333651224773","3","4500","TB@CAR","TB","CAR","","","","",""
"29518-44893","RB","Roosevelt","Roosevelt Nix","Nix","0.6000000238418579","4","4500","PIT@BAL","PIT","BAL","","","","",""
"29518-43870","RB","Joel","Joel Bouagnon","Bouagnon","0","0","4500","DET@MIN","DET","MIN","","","","",""
"29518-70501","RB","C.J.","C.J. Ham","Ham","1.5428571701049805","7","4500","DET@MIN","MIN","DET","","","","",""
"29518-55165","RB","Justin","Justin Jackson","Jackson","1.7999999523162842","2","4500","LAC@SEA","LAC","SEA","","","","",""
"29518-43912","WR","Chad","Chad Beebe","Beebe","0","0","4500","DET@MIN","MIN","DET","","","","",""
"29518-45964","WR","Marcus","Marcus Kemp","Kemp","1.2000000476837158","1","4500","KC@CLE","KC","CLE","","","","",""
"29518-34729","RB","Dwayne","Dwayne Washington","Washington","0.20000000298023224","1","4500","LAR@NO","NO","LAR","","","","",""
"29518-45997","WR","Keith","Keith Kirkwood","Kirkwood","0","0","4500","LAR@NO","NO","LAR","","","","",""
"29518-29624","RB","Tre","Tre Madden","Madden","0.375","4","4500","LAC@SEA","SEA","LAC","","","","",""
"29518-55224","RB","Reggie","Reggie Bonnafon","Bonnafon","0","0","4500","TB@CAR","CAR","TB","","","","",""
"29518-43961","RB","Tyler","Tyler Ervin","Ervin","0.625","8","4500","HOU@DEN","HOU","DEN","","","","",""
"29518-14268","RB","Stevan","Stevan Ridley","Ridley","0.8600000381469727","5","4500","PIT@BAL","PIT","BAL","","","","",""
"29518-57299","TE","Gerald","Gerald Everett","Everett","2.114285741533552","7","4500","LAR@NO","LAR","NO","","","","",""
"29518-30678","WR","Damiere","Damiere Byrd","Byrd","0.32499998807907104","4","4500","TB@CAR","CAR","TB","","","","",""
"29518-14319","RB","Taiwan","Taiwan Jones","Jones","0","4","4500","CHI@BUF","BUF","CHI","IR","Neck","","",""
"29518-14327","RB","Anthony","Anthony Sherman","Sherman","3.2","5","4500","KC@CLE","KC","CLE","","","","",""
"29518-63479","RB","John","John Kelly","Kelly","0","0","4500","LAR@NO","LAR","NO","","","","",""
"29518-32000","TE","Luke","Luke Willson","Willson","1.7166666984558105","6","4400","DET@MIN","DET","MIN","","","","",""
"29518-54782","TE","Cameron","Cameron Brate","Brate","5.483333587646484","6","4400","TB@CAR","TB","CAR","","","","",""
"29518-56265","TE","Mike","Mike Gesicki","Gesicki","3.2285714830671037","7","4400","NYJ@MIA","MIA","NYJ","","","","",""
"29518-14394","TE","Virgil","Virgil Green","Green","3.4833332697550454","6","4300","LAC@SEA","LAC","SEA","","","","",""
"29518-80011","TE","Antony","Antony Auclair","Auclair","1.7666667302449544","3","4300","TB@CAR","TB","CAR","","","","",""
"29518-12553","D","Carolina","Carolina Panthers","Panthers","7.571428571428571","7","4300","TB@CAR","CAR","TB","","","","",""
"29518-34073","TE","Ryan","Ryan Griffin","Griffin","3.1666666666666665","6","4300","HOU@DEN","HOU","DEN","","","","",""
"29518-56708","TE","Will","Will Dissly","Dissly","7.900000095367432","4","4300","LAC@SEA","SEA","LAC","IR","Kneecap","","",""
"29518-64031","TE","Hayden","Hayden Hurst","Hurst","2.7750000953674316","4","4300","PIT@BAL","BAL","PIT","","","","",""
"29518-39492","TE","Josh","Josh Hill","Hill","4.479999923706055","5","4300","LAR@NO","NO","LAR","","","","",""
"29518-70335","TE","Seth","Seth DeValve","DeValve","6.449999809265137","2","4300","KC@CLE","CLE","KC","","","","",""
"29518-27672","TE","Matt","Matt LaCosse","LaCosse","2.1499999364217124","6","4200","HOU@DEN","DEN","HOU","","","","",""
"29518-12539","D","Miami","Miami Dolphins","Dolphins","6.25","8","4200","NYJ@MIA","MIA","NYJ","","","","",""
"29518-47870","TE","Tyler","Tyler Higbee","Higbee","2.6666666666666665","6","4200","LAR@NO","LAR","NO","","","","",""
"29518-29592","TE","Xavier","Xavier Grimble","Grimble","1.9666666984558105","3","4200","PIT@BAL","PIT","BAL","","","","",""
"29518-12540","D","Minnesota","Minnesota Vikings","Vikings","7.625","8","4100","DET@MIN","MIN","DET","","","","",""
"29518-38301","TE","Darren","Darren Fells","Fells","3.6","5","4100","KC@CLE","CLE","KC","","","","",""
"29518-72515","TE","Ian","Ian Thomas","Thomas","2.839999961853027","5","4100","TB@CAR","CAR","TB","","","","",""
"29518-29725","TE","Levine","Levine Toilolo","Toilolo","1.274999976158142","4","4000","DET@MIN","DET","MIN","","","","",""
"29518-60451","TE","Tyler","Tyler Conklin","Conklin","1.149999976158142","2","4000","DET@MIN","MIN","DET","","","","",""
"29518-62510","TE","Nick","Nick Boyle","Boyle","2.575000047683716","8","4000","PIT@BAL","BAL","PIT","","","","",""
"29518-62515","TE","Neal","Neal Sterling","Sterling","1.9249999523162842","4","4000","NYJ@MIA","NYJ","MIA","O","Concussion","","",""
"29518-42046","TE","Durham","Durham Smythe","Smythe","0","3","4000","NYJ@MIA","MIA","NYJ","","","","",""
"29518-30787","TE","Alex","Alex Ellis","Ellis","0","0","4000","KC@CLE","KC","CLE","IR","Undisclosed","","",""
"29518-62534","TE","Brian","Brian Parker","Parker","0","2","4000","HOU@DEN","DEN","HOU","","","","",""
"29518-30800","TE","Jason","Jason Croom","Croom","2.9285714285714284","7","4000","CHI@BUF","BUF","CHI","","","","",""
"29518-46177","TE","David","David Wells","Wells","0","0","4000","KC@CLE","KC","CLE","","","","",""
"29518-79980","TE","Eric","Eric Saubert","Saubert","0.8666666348775228","3","4000","ATL@WAS","ATL","WAS","","","","",""
"29518-62617","TE","Khari","Khari Lee","Lee","1","1","4000","CHI@BUF","BUF","CHI","","","","",""
"29518-83117","TE","Tanner","Tanner Hudson","Hudson","0","0","4000","TB@CAR","TB","CAR","","","","",""
"29518-32957","TE","Eric","Eric Tomlinson","Tomlinson","1.7","5","4000","NYJ@MIA","NYJ","MIA","","","","",""
"29518-57556","TE","Jerome","Jerome Cunningham","Cunningham","0","0","4000","DET@MIN","DET","MIN","","","","",""
"29518-41210","TE","Matt","Matt Flanagan","Flanagan","0","0","4000","ATL@WAS","WAS","ATL","","","","",""
"29518-62718","TE","Daniel","Daniel Brown","Brown","2.424999952316284","8","4000","CHI@BUF","CHI","BUF","","","","",""
"29518-83202","TE","Christian","Christian Scotland-Williamson","Scotland-Williamson","0","0","4000","PIT@BAL","PIT","BAL","","","","",""
"29518-12550","D","Seattle","Seattle Seahawks","Seahawks","9.142857142857142","7","4000","LAC@SEA","SEA","LAC","","","","",""
"29518-27918","TE","Henry","Henry Krieger-Coble","Krieger-Coble","0","0","4000","LAR@NO","LAR","NO","","","","",""
"29518-48482","TE","David","David Morgan","Morgan","1.2199999809265136","5","4000","DET@MIN","MIN","DET","","","","",""
"29518-25957","TE","J.P.","J.P. Holtz","Holtz","0","0","4000","ATL@WAS","WAS","ATL","","","","",""
"29518-39305","TE","A.J.","A.J. Derby","Derby","5.25","2","4000","NYJ@MIA","MIA","NYJ","Q","Foot","","",""
"29518-45472","TE","Garrett","Garrett Griffin","Griffin","0.44999998807907104","2","4000","LAR@NO","NO","LAR","","","","",""
"29518-25011","TE","Darren","Darren Waller","Waller","0","0","4000","PIT@BAL","BAL","PIT","","","","",""
"29518-40371","TE","Johnny","Johnny Mundt","Mundt","0","0","4000","LAR@NO","LAR","NO","","","","",""
"29518-31169","TE","Jeremy","Jeremy Sprinkle","Sprinkle","0","2","4000","ATL@WAS","WAS","ATL","","","","",""
"29518-84440","TE","Jaeden","Jaeden Graham","Graham","0","0","4000","ATL@WAS","ATL","WAS","","","","",""
"29518-27117","TE","Sean","Sean Culkin","Culkin","0","0","4000","LAC@SEA","LAC","SEA","","","","",""
"29518-28144","TE","Dion","Dion Sims","Sims","0.949999988079071","2","4000","CHI@BUF","CHI","BUF","","","","",""
"29518-41469","TE","Darrell","Darrell Daniels","Daniels","0","1","4000","LAC@SEA","SEA","LAC","","","","",""
"29518-22051","TE","Orson","Orson Charles","Charles","0.4333333174387614","3","4000","KC@CLE","CLE","KC","","","","",""
"29518-18009","TE","Chris","Chris Manhertz","Manhertz","0.699999988079071","1","4000","TB@CAR","CAR","TB","","","","",""
"29518-80486","TE","Alex","Alex Gray","Gray","0","0","4000","ATL@WAS","ATL","WAS","","","","",""
"29518-33418","TE","Alan","Alan Cross","Cross","0.550000011920929","2","4000","TB@CAR","TB","CAR","","","","",""
"29518-80546","TE","Dan","Dan Arnold","Arnold","4.5","1","4000","LAR@NO","NO","LAR","","","","",""
"29518-47788","TE","Deon","Deon Yelder","Yelder","0","0","4000","KC@CLE","KC","CLE","","","","",""
"29518-62127","TE","Cole","Cole Hikutini","Hikutini","1.25","2","4000","DET@MIN","MIN","DET","","","","",""
"29518-28346","TE","Maxx","Maxx Williams","Williams","3.4166666666666665","6","4000","PIT@BAL","BAL","PIT","","","","",""
"29518-70363","TE","Hakeem","Hakeem Valles","Valles","1.0499999523162842","2","4000","DET@MIN","DET","MIN","","","","",""
"29518-29411","TE","Pharaoh","Pharaoh Brown","Brown","0","0","4000","KC@CLE","CLE","KC","","","","",""
"29518-26355","TE","Logan","Logan Thomas","Thomas","1.5333333015441895","3","4000","CHI@BUF","BUF","CHI","","","","",""
"29518-40697","TE","Bucky","Bucky Hodges","Hodges","0","0","4000","PIT@BAL","PIT","BAL","","","","",""
"29518-26384","TE","Trey","Trey Edmunds","Edmunds","3.6000000635782876","3","4000","PIT@BAL","PIT","BAL","","","","",""
"29518-12055","TE","Logan","Logan Paulsen","Paulsen","3.7666667302449546","3","4000","ATL@WAS","ATL","WAS","","","","",""
"29518-70458","TE","Jason","Jason Vander Laan","Vander Laan","0","0","4000","TB@CAR","CAR","TB","","","","",""
"29518-70489","TE","Ben","Ben Braunecker","Braunecker","0","1","4000","CHI@BUF","CHI","BUF","O","Concussion","","",""
"29518-38772","TE","Nate","Nate Wozniak","Wozniak","0","0","4000","LAR@NO","NO","LAR","","","","",""
"29518-39814","TE","Jordan","Jordan Leggett","Leggett","2.0600000381469727","5","4000","NYJ@MIA","NYJ","MIA","","","","",""
"29518-19342","TE","Demetrius","Demetrius Harris","Harris","5.974999904632568","4","4000","KC@CLE","KC","CLE","","","","",""
"29518-41964","TE","Vince","Vince Mayle","Mayle","1.5499999523162842","4","4000","LAC@SEA","LAC","SEA","","","","",""
"29518-57338","TE","Jordan","Jordan Akins","Akins","2.2333332697550454","6","4000","HOU@DEN","HOU","DEN","","","","",""
"29518-12536","D","Kansas City","Kansas City Chiefs","Chiefs","7.75","8","3900","KC@CLE","KC","CLE","","","","",""
"29518-12547","D","Pittsburgh","Pittsburgh Steelers","Steelers","8.571428571428571","7","3800","PIT@BAL","PIT","BAL","","","","",""
"29518-12544","D","New York","New York Jets","Jets","8.125","8","3700","NYJ@MIA","NYJ","MIA","","","","",""
"29518-12525","D","Atlanta","Atlanta Falcons","Falcons","2.7142857142857144","7","3600","ATL@WAS","ATL","WAS","","","","",""
"29518-12548","D","Los Angeles","Los Angeles Chargers","Chargers","6.428571428571429","7","3600","LAC@SEA","LAC","SEA","","","","",""
"29518-12555","D","Baltimore","Baltimore Ravens","Ravens","7.375","8","3500","PIT@BAL","BAL","PIT","","","","",""
"29518-12531","D","Denver","Denver Broncos","Broncos","8.625","8","3400","HOU@DEN","DEN","HOU","","","","",""
"29518-12538","D","Los Angeles","Los Angeles Rams","Rams","10.625","8","3400","LAR@NO","LAR","NO","","","","",""
"29518-12552","D","Washington","Washington Redskins","Redskins","9","7","3400","ATL@WAS","WAS","ATL","","","","",""
"29518-12532","D","Detroit","Detroit Lions","Lions","5.571428571428571","7","3300","DET@MIN","DET","MIN","","","","",""
"29518-12542","D","New Orleans","New Orleans Saints","Saints","5","7","3200","LAR@NO","NO","LAR","","","","",""
"29518-12526","D","Buffalo","Buffalo Bills","Bills","6.375","8","3000","CHI@BUF","BUF","CHI","","","","",""
"29518-12529","D","Cleveland","Cleveland Browns","Browns","8","8","3000","KC@CLE","CLE","KC","","","","",""
"29518-12551","D","Tampa Bay","Tampa Bay Buccaneers","Buccaneers","3.4285714285714284","7","3000","TB@CAR","TB","CAR","","","","",""